image_name,age
035_3.bmp,71
035_2.bmp,6
035_1.bmp,27
034_3.bmp,69
034_2.bmp,32
034_1.bmp,23
033_3.bmp,6
033_2.bmp,79
033_1.bmp,62
032_4.bmp,8
032_3.bmp,9
032_2.bmp,78
032_1.bmp,60
031_3.bmp,66
031_2.bmp,40
031_1.bmp,73
030_4.bmp,46
030_3.bmp,56
030_2.bmp,9
030_1.bmp,48
029_3.bmp,38
029_2.bmp,7
029_1.bmp,48
028_3.bmp,25
028_2.bmp,23
028_1.bmp,23
027_3.bmp,61
027_2.bmp,58
027_1.bmp,42
026_3.bmp,63
026_2.bmp,60
026_1.bmp,38
025_3.bmp,41
025_2.bmp,57
025_1.bmp,74
024_3.bmp,50
024_2.bmp,73
024_1.bmp,67
023_4.bmp,79
023_3.bmp,60
023_2.bmp,80
023_1.bmp,54
022_3.bmp,43
022_2.bmp,47
022_1.bmp,63
021_3.bmp,43
021_2.bmp,19
021_1.bmp,6
020_3.bmp,15
020_2.bmp,77
020_1.bmp,27
019_3.bmp,78
019_2.bmp,9
019_1.bmp,17
018_3.bmp,70
018_2.bmp,56
018_1.bmp,59
017_3.bmp,45
017_2.bmp,34
017_1.bmp,15
016_3.bmp,17
016_2.bmp,10
016_1.bmp,51
015_3.bmp,3
015_2.bmp,65
015_1.bmp,52
014_3.bmp,31
014_2.bmp,47
014_1.bmp,12
013_6.bmp,36
013_5.bmp,12
013_4.bmp,71
013_3.bmp,73
013_2.bmp,26
013_1.bmp,7
012_3.bmp,55
012_2.bmp,45
012_1.bmp,38
011_3.bmp,16
011_2.bmp,32
011_1.bmp,28
010_3.bmp,76
010_2.bmp,79
010_1.bmp,41
009_3.bmp,38
009_2.bmp,80
009_1.bmp,68
008_3.bmp,30
008_2.bmp,68
008_1.bmp,78
007_3.bmp,54
007_2.bmp,26
007_1.bmp,44
006_3.bmp,4
006_2.bmp,17
006_1.bmp,43
005_3.bmp,66
005_2.bmp,8
005_1.bmp,24
004_4.bmp,35
004_3.bmp,25
004_2.bmp,4
004_1.bmp,4
003_3.bmp,27
003_4.bmp,7
003_2.bmp,36
003_1.bmp,67
002_3.bmp,36
002_2.bmp,4
002_1.bmp,7
001_6.bmp,62
001_5.bmp,68
001_4.bmp,62
001_3.bmp,66
001_2.bmp,60
001_1.bmp,41
068_3.bmp,21
068_2.bmp,54
068_1.bmp,59
067_3.bmp,27
067_2.bmp,37
067_1.bmp,66
066_3.bmp,35
066_2.bmp,30
066_1.bmp,4
065_3.bmp,17
065_2.bmp,37
065_1.bmp,74
064_5.bmp,50
064_4.bmp,34
064_3.bmp,71
064_2.bmp,69
064_1.bmp,6
063_5.bmp,76
063_4.bmp,53
063_3.bmp,15
063_2.bmp,78
062_3.bmp,39
062_2.bmp,24
062_1.bmp,61
061_3.bmp,61
061_2.bmp,8
063_1.bmp,80
061_1.bmp,39
060_3.bmp,54
060_2.bmp,52
060_1.bmp,61
059_5.bmp,5
059_4.bmp,24
059_3.bmp,43
059_2.bmp,10
059_1.bmp,5
058_3.bmp,19
058_2.bmp,25
058_1.bmp,17
057_4.bmp,41
057_3.bmp,10
057_2.bmp,50
057_1.bmp,47
056_3.bmp,55
056_2.bmp,4
056_1.bmp,61
055_5.bmp,19
055_4.bmp,55
055_3.bmp,32
055_1.bmp,63
055_2.bmp,47
054_5.bmp,14
054_4.bmp,14
054_3.bmp,71
054_2.bmp,63
054_1.bmp,55
053_3.bmp,24
053_2.bmp,10
053_1.bmp,5
052_3.bmp,63
052_2.bmp,16
052_1.bmp,55
051_3.bmp,25
051_2.bmp,13
051_1.bmp,23
050_3.bmp,19
050_2.bmp,69
050_1.bmp,6
049_3.bmp,43
049_2.bmp,64
049_1.bmp,43
048_3.bmp,40
048_2.bmp,77
048_1.bmp,58
047_3.bmp,22
047_2.bmp,71
047_1.bmp,51
046_3.bmp,25
046_2.bmp,6
046_1.bmp,44
045_3.bmp,46
045_2.bmp,79
045_1.bmp,40
044_3.bmp,13
044_2.bmp,27
044_1.bmp,39
043_3.bmp,80
043_2.bmp,10
043_1.bmp,47
042_4.bmp,14
042_3.bmp,71
042_2.bmp,62
042_1.bmp,41
041_3.bmp,36
041_2.bmp,49
041_1.bmp,80
040_3.bmp,18
040_2.bmp,50
040_1.bmp,7
039_3.bmp,24
039_2.bmp,59
039_1.bmp,57
038_3.bmp,29
038_2.bmp,56
038_1.bmp,27
037_4.bmp,32
037_3.bmp,43
037_2.bmp,39
037_1.bmp,65
036_3.bmp,70
036_2.bmp,58
036_1.bmp,73
099_4.bmp,65
099_3.bmp,61
099_2.bmp,8
099_1.bmp,11
098_4.bmp,30
098_3.bmp,12
098_2.bmp,16
098_1.bmp,31
097_3.bmp,45
097_2.bmp,15
097_1.bmp,71
096_6.bmp,16
096_5.bmp,8
096_4.bmp,60
096_3.bmp,31
096_2.bmp,58
096_1.bmp,42
095_4.bmp,10
095_3.bmp,40
095_2.bmp,50
094_4.bmp,13
094_3.bmp,16
094_2.bmp,9
094_1.bmp,68
093_5.bmp,22
093_4.bmp,15
093_3.bmp,10
093_2.bmp,68
093_1.bmp,61
092_3.bmp,26
092_2.bmp,52
092_1.bmp,14
091_5.bmp,48
091_4.bmp,10
091_3.bmp,67
091_2.bmp,57
091_1.bmp,6
090_4.bmp,15
090_3.bmp,55
090_2.bmp,57
090_1.bmp,51
089_3.bmp,40
089_2.bmp,39
089_1.bmp,60
088_4.bmp,51
088_3.bmp,17
088_2.bmp,30
088_1.bmp,76
087_4.bmp,69
087_3.bmp,12
087_2.bmp,18
095_1.bmp,60
087_1.bmp,78
086_4.bmp,61
086_3.bmp,32
086_2.bmp,70
086_1.bmp,3
085_5.bmp,22
085_4.bmp,34
085_3.bmp,30
085_2.bmp,55
085_1.bmp,8
084_3.bmp,15
084_2.bmp,14
084_1.bmp,66
083_3.bmp,33
083_2.bmp,33
083_1.bmp,16
082_3.bmp,38
082_2.bmp,52
082_1.bmp,46
081_4.bmp,33
081_3.bmp,21
081_2.bmp,71
081_1.bmp,18
080_3.bmp,69
080_2.bmp,39
080_1.bmp,75
079_2.bmp,12
079_3.bmp,66
079_1.bmp,41
078_3.bmp,38
078_2.bmp,35
078_1.bmp,55
077_3.bmp,72
077_2.bmp,16
077_1.bmp,48
076_6.bmp,56
076_5.bmp,22
076_4.bmp,31
076_3.bmp,5
076_2.bmp,41
076_1.bmp,7
075_3.bmp,80
075_2.bmp,35
075_1.bmp,54
074_3.bmp,12
074_2.bmp,9
074_1.bmp,36
073_3.bmp,6
073_2.bmp,53
073_1.bmp,33
072_3.bmp,62
072_2.bmp,22
072_1.bmp,15
071_3.bmp,53
071_2.bmp,35
071_1.bmp,63
070_3.bmp,33
070_2.bmp,41
070_1.bmp,59
069_5.bmp,79
069_4.bmp,33
069_3.bmp,73
069_2.bmp,75
069_1.bmp,29
068_4.bmp,31
125_3.bmp,56
125_2.bmp,28
125_1.bmp,78
124_3.bmp,58
124_2.bmp,67
124_1.bmp,5
123_3.bmp,76
123_2.bmp,8
122_3.bmp,8
123_1.bmp,72
122_2.bmp,3
122_1.bmp,71
121_3.bmp,3
121_2.bmp,71
121_1.bmp,74
120_4.bmp,70
120_2.bmp,51
120_3.bmp,4
120_1.bmp,30
119_4.bmp,41
119_3.bmp,41
119_2.bmp,15
119_1.bmp,51
118_3.bmp,19
118_2.bmp,41
118_1.bmp,41
117_3.bmp,61
117_2.bmp,42
117_1.bmp,73
116_4.bmp,79
116_3.bmp,76
116_2.bmp,66
116_1.bmp,39
115_3.bmp,6
115_2.bmp,44
115_1.bmp,15
114_3.bmp,71
114_2.bmp,50
114_1.bmp,15
113_3.bmp,53
113_2.bmp,5
113_1.bmp,41
112_4.bmp,53
112_3.bmp,75
112_2.bmp,56
112_1.bmp,79
111_3.bmp,65
111_2.bmp,43
111_1.bmp,72
110_3.bmp,33
110_2.bmp,15
110_1.bmp,61
109_3.bmp,24
109_2.bmp,16
109_1.bmp,38
108_4.bmp,22
108_3.bmp,26
108_2.bmp,15
108_1.bmp,71
107_4.bmp,65
107_3.bmp,31
107_2.bmp,68
107_1.bmp,67
106_3.bmp,58
106_2.bmp,21
106_1.bmp,36
105_3.bmp,23
105_2.bmp,38
105_1.bmp,22
104_3.bmp,10
104_2.bmp,45
104_1.bmp,23
103_4.bmp,25
103_3.bmp,19
103_2.bmp,37
103_1.bmp,57
102_4.bmp,80
102_3.bmp,39
102_2.bmp,11
102_1.bmp,3
101_6.bmp,70
101_5.bmp,15
101_4.bmp,72
101_2.bmp,56
101_3.bmp,59
101_1.bmp,34
100_3.bmp,74
100_2.bmp,61
100_1.bmp,56
035_3.bmp,13
035_2.bmp,6
035_1.bmp,39
034_3.bmp,48
034_2.bmp,29
034_1.bmp,20
033_3.bmp,36
033_2.bmp,59
033_1.bmp,6
032_4.bmp,13
032_3.bmp,25
032_2.bmp,22
031_3.bmp,22
031_2.bmp,14
032_1.bmp,55
031_1.bmp,49
030_3.bmp,32
030_4.bmp,56
030_2.bmp,28
030_1.bmp,27
029_2.bmp,49
029_3.bmp,14
029_1.bmp,32
028_3.bmp,71
028_2.bmp,56
028_1.bmp,29
027_3.bmp,61
037_1.bmp,60
027_2.bmp,54
026_3.bmp,41
026_2.bmp,54
026_1.bmp,5
025_3.bmp,79
025_2.bmp,73
025_1.bmp,47
024_3.bmp,19
024_2.bmp,11
024_1.bmp,75
023_4.bmp,51
023_3.bmp,25
023_2.bmp,16
023_1.bmp,11
022_3.bmp,42
022_2.bmp,60
022_1.bmp,71
021_3.bmp,39
021_2.bmp,19
021_1.bmp,37
020_3.bmp,68
027_1.bmp,9
020_1.bmp,26
020_2.bmp,32
019_3.bmp,10
019_2.bmp,69
019_1.bmp,72
018_3.bmp,75
018_2.bmp,75
017_3.bmp,70
018_1.bmp,54
017_2.bmp,19
017_1.bmp,55
016_3.bmp,4
016_1.bmp,22
015_3.bmp,43
015_2.bmp,54
014_3.bmp,30
015_1.bmp,80
014_2.bmp,61
013_3.bmp,56
013_1.bmp,36
012_3.bmp,39
013_2.bmp,31
012_2.bmp,55
012_1.bmp,48
011_3.bmp,75
011_2.bmp,78
011_1.bmp,11
010_3.bmp,51
010_2.bmp,63
009_3.bmp,68
009_2.bmp,23
010_1.bmp,19
009_1.bmp,80
008_3.bmp,59
008_2.bmp,17
008_1.bmp,42
007_3.bmp,45
007_2.bmp,39
007_1.bmp,11
006_3.bmp,69
006_2.bmp,41
006_1.bmp,76
005_3.bmp,10
005_2.bmp,51
005_1.bmp,42
004_4.bmp,6
004_2.bmp,37
004_3.bmp,75
004_1.bmp,8
003_4.bmp,31
003_3.bmp,37
003_2.bmp,66
003_1.bmp,30
002_3.bmp,31
002_2.bmp,36
002_1.bmp,50
001_6.bmp,46
001_5.bmp,35
001_4.bmp,25
001_3.bmp,76
001_2.bmp,18
014_1.bmp,33
016_2.bmp,77
001_1.bmp,68
107_4.bmp,50
067_3.bmp,20
068_1.bmp,46
067_2.bmp,66
067_1.bmp,52
066_3.bmp,28
066_2.bmp,45
066_1.bmp,54
065_3.bmp,71
065_1.bmp,70
064_5.bmp,78
064_3.bmp,6
064_4.bmp,9
064_2.bmp,57
064_1.bmp,8
063_4.bmp,71
063_5.bmp,66
063_3.bmp,63
065_2.bmp,18
063_1.bmp,75
063_2.bmp,61
062_2.bmp,6
062_1.bmp,44
062_3.bmp,41
061_3.bmp,17
061_2.bmp,64
060_3.bmp,52
060_2.bmp,21
060_1.bmp,12
059_4.bmp,57
059_5.bmp,8
059_3.bmp,28
059_2.bmp,46
059_1.bmp,79
061_1.bmp,37
058_3.bmp,44
058_1.bmp,42
057_4.bmp,25
057_3.bmp,67
057_2.bmp,69
057_1.bmp,32
056_3.bmp,10
056_2.bmp,67
055_5.bmp,18
055_4.bmp,72
056_1.bmp,63
055_3.bmp,31
055_2.bmp,50
055_1.bmp,5
054_5.bmp,15
054_4.bmp,25
054_2.bmp,69
054_3.bmp,78
054_1.bmp,46
053_3.bmp,66
053_2.bmp,63
053_1.bmp,63
052_3.bmp,39
052_2.bmp,38
052_1.bmp,28
051_3.bmp,20
051_2.bmp,48
051_1.bmp,66
050_3.bmp,62
050_2.bmp,78
050_1.bmp,55
049_3.bmp,73
049_2.bmp,4
048_3.bmp,51
049_1.bmp,26
048_2.bmp,17
047_3.bmp,43
048_1.bmp,60
047_2.bmp,72
047_1.bmp,65
058_2.bmp,12
046_3.bmp,11
046_1.bmp,32
045_2.bmp,19
045_1.bmp,66
045_3.bmp,54
044_3.bmp,25
044_2.bmp,50
044_1.bmp,9
043_3.bmp,24
043_2.bmp,72
043_1.bmp,70
042_4.bmp,32
042_3.bmp,34
042_2.bmp,71
042_1.bmp,64
041_3.bmp,59
041_2.bmp,45
041_1.bmp,75
040_3.bmp,14
040_2.bmp,5
040_1.bmp,32
039_3.bmp,20
039_2.bmp,42
039_1.bmp,37
038_3.bmp,72
038_2.bmp,42
038_1.bmp,69
037_4.bmp,27
037_3.bmp,25
046_2.bmp,78
037_2.bmp,18
036_3.bmp,32
036_2.bmp,20
036_1.bmp,60
098_3.bmp,74
098_2.bmp,60
098_1.bmp,78
097_3.bmp,50
097_2.bmp,41
097_1.bmp,39
096_6.bmp,63
096_5.bmp,18
096_4.bmp,52
096_3.bmp,3
096_2.bmp,68
096_1.bmp,76
095_4.bmp,12
095_3.bmp,74
095_1.bmp,75
095_2.bmp,64
094_4.bmp,31
094_2.bmp,59
094_1.bmp,65
094_3.bmp,6
093_4.bmp,78
093_3.bmp,80
093_5.bmp,77
093_2.bmp,14
093_1.bmp,42
092_3.bmp,37
092_2.bmp,5
092_1.bmp,39
091_5.bmp,47
091_4.bmp,42
091_2.bmp,18
091_3.bmp,15
090_4.bmp,32
091_1.bmp,53
090_3.bmp,70
090_2.bmp,67
090_1.bmp,32
089_3.bmp,22
089_2.bmp,56
089_1.bmp,61
088_4.bmp,60
088_3.bmp,12
088_2.bmp,23
087_4.bmp,23
088_1.bmp,45
087_3.bmp,59
087_1.bmp,80
087_2.bmp,67
086_3.bmp,68
086_2.bmp,50
086_4.bmp,32
086_1.bmp,46
085_5.bmp,44
085_4.bmp,19
085_3.bmp,33
085_2.bmp,21
084_3.bmp,74
085_1.bmp,59
084_2.bmp,29
084_1.bmp,62
083_3.bmp,52
083_2.bmp,31
083_1.bmp,74
082_2.bmp,79
082_3.bmp,9
082_1.bmp,7
081_4.bmp,38
081_3.bmp,6
081_1.bmp,42
081_2.bmp,13
080_3.bmp,17
080_2.bmp,45
080_1.bmp,3
079_3.bmp,65
079_2.bmp,75
079_1.bmp,39
078_3.bmp,17
078_2.bmp,52
078_1.bmp,38
077_3.bmp,60
077_2.bmp,63
077_1.bmp,9
076_5.bmp,22
076_6.bmp,69
076_4.bmp,78
076_2.bmp,36
076_1.bmp,71
075_3.bmp,48
075_2.bmp,75
076_3.bmp,37
075_1.bmp,14
074_3.bmp,41
074_2.bmp,20
074_1.bmp,75
073_3.bmp,52
073_2.bmp,9
073_1.bmp,46
072_3.bmp,53
072_2.bmp,27
072_1.bmp,79
071_4.bmp,55
071_3.bmp,75
071_2.bmp,55
071_1.bmp,66
070_3.bmp,9
070_2.bmp,72
070_1.bmp,16
069_5.bmp,73
069_4.bmp,17
069_3.bmp,4
069_2.bmp,52
069_1.bmp,12
068_3.bmp,11
068_4.bmp,64
068_2.bmp,69
125_2.bmp,79
125_3.bmp,62
125_1.bmp,45
124_4.bmp,79
124_3.bmp,53
124_2.bmp,65
124_1.bmp,80
123_4.bmp,20
123_3.bmp,69
123_2.bmp,50
123_1.bmp,50
122_2.bmp,22
122_3.bmp,60
121_3.bmp,57
122_1.bmp,38
121_2.bmp,54
121_1.bmp,71
120_4.bmp,52
120_3.bmp,69
120_2.bmp,22
120_1.bmp,57
119_3.bmp,65
119_2.bmp,33
119_4.bmp,9
119_1.bmp,18
118_3.bmp,27
118_1.bmp,73
117_3.bmp,36
118_2.bmp,24
117_1.bmp,40
116_4.bmp,55
117_2.bmp,67
116_3.bmp,10
116_1.bmp,23
116_2.bmp,21
115_3.bmp,31
115_2.bmp,6
115_1.bmp,52
114_3.bmp,66
114_2.bmp,19
114_1.bmp,22
113_3.bmp,33
113_2.bmp,40
112_4.bmp,41
113_1.bmp,29
112_3.bmp,80
112_1.bmp,5
112_2.bmp,44
111_3.bmp,77
111_2.bmp,62
111_1.bmp,55
110_3.bmp,80
110_2.bmp,30
109_3.bmp,74
110_1.bmp,55
109_2.bmp,25
109_1.bmp,16
108_3.bmp,64
108_4.bmp,39
108_2.bmp,64
108_1.bmp,65
107_3.bmp,46
107_2.bmp,15
106_3.bmp,41
106_2.bmp,38
107_1.bmp,68
106_1.bmp,15
105_3.bmp,49
105_1.bmp,67
105_2.bmp,77
104_3.bmp,55
104_1.bmp,6
104_2.bmp,11
103_4.bmp,27
103_3.bmp,62
103_2.bmp,58
103_1.bmp,44
102_3.bmp,74
102_4.bmp,42
102_1.bmp,59
102_2.bmp,67
101_6.bmp,32
101_5.bmp,18
101_4.bmp,68
101_3.bmp,22
101_2.bmp,16
101_1.bmp,12
100_3.bmp,68
100_2.bmp,3
100_1.bmp,79
099_4.bmp,73
099_3.bmp,62
099_2.bmp,65
099_1.bmp,7
098_4.bmp,6
033_2.bmp,65
033_3.bmp,58
033_1.bmp,29
039_4.bmp,28
032_4.bmp,55
032_1.bmp,34
032_2.bmp,46
031_4.bmp,42
031_2.bmp,3
031_3.bmp,23
031_1.bmp,58
030_4.bmp,14
030_3.bmp,61
030_2.bmp,24
032_3.bmp,11
030_1.bmp,28
029_2.bmp,35
029_1.bmp,24
028_2.bmp,41
028_1.bmp,65
028_3.bmp,40
027_2.bmp,75
027_1.bmp,18
027_3.bmp,47
026_3.bmp,53
026_4.bmp,38
026_1.bmp,41
025_3.bmp,43
026_2.bmp,50
025_2.bmp,14
024_3.bmp,61
024_1.bmp,19
024_2.bmp,59
023_3.bmp,38
023_2.bmp,25
023_4.bmp,49
022_3.bmp,49
022_2.bmp,20
022_1.bmp,40
021_3.bmp,75
023_1.bmp,20
029_3.bmp,73
021_2.bmp,78
020_3.bmp,37
020_2.bmp,71
020_1.bmp,38
019_3.bmp,16
019_2.bmp,80
019_1.bmp,80
018_3.bmp,49
018_2.bmp,44
018_1.bmp,70
021_1.bmp,7
017_3.bmp,20
017_1.bmp,45
016_2.bmp,79
016_3.bmp,14
015_4.bmp,57
016_1.bmp,45
015_2.bmp,44
015_1.bmp,48
015_3.bmp,9
014_4.bmp,11
014_2.bmp,34
014_3.bmp,63
014_1.bmp,70
013_6.bmp,64
013_5.bmp,63
013_4.bmp,55
013_3.bmp,36
013_2.bmp,63
013_1.bmp,48
012_5.bmp,73
012_3.bmp,32
012_2.bmp,74
012_4.bmp,69
011_3.bmp,53
012_1.bmp,45
017_2.bmp,53
011_2.bmp,46
010_6.bmp,47
010_5.bmp,43
010_4.bmp,77
010_3.bmp,14
010_2.bmp,32
009_5.bmp,48
010_1.bmp,35
009_3.bmp,10
009_4.bmp,21
009_1.bmp,14
008_6.bmp,37
009_2.bmp,71
008_4.bmp,17
008_5.bmp,80
011_1.bmp,62
008_3.bmp,6
008_1.bmp,79
007_2.bmp,55
007_3.bmp,42
007_1.bmp,20
006_3.bmp,29
008_2.bmp,50
006_2.bmp,39
005_3.bmp,65
006_1.bmp,70
005_2.bmp,46
004_3.bmp,72
004_4.bmp,14
004_1.bmp,16
004_2.bmp,19
003_3.bmp,29
003_4.bmp,13
003_2.bmp,51
002_6.bmp,75
003_1.bmp,36
002_5.bmp,64
002_3.bmp,71
002_4.bmp,8
002_2.bmp,73
001_6.bmp,49
002_1.bmp,6
001_5.bmp,4
005_1.bmp,41
001_4.bmp,16
001_2.bmp,68
001_1.bmp,3
025_1.bmp,68
001_3.bmp,6
068_1.bmp,48
067_3.bmp,72
067_2.bmp,45
067_1.bmp,62
066_3.bmp,66
066_2.bmp,44
066_1.bmp,4
065_3.bmp,72
065_2.bmp,29
065_1.bmp,61
064_5.bmp,68
064_4.bmp,22
064_3.bmp,27
064_2.bmp,10
064_1.bmp,34
063_5.bmp,19
063_4.bmp,23
063_3.bmp,15
063_2.bmp,71
063_1.bmp,71
062_4.bmp,20
062_3.bmp,24
062_2.bmp,20
062_1.bmp,3
061_4.bmp,14
061_3.bmp,48
061_2.bmp,35
061_1.bmp,47
060_5.bmp,46
060_4.bmp,8
060_3.bmp,45
060_1.bmp,47
059_5.bmp,67
060_2.bmp,57
059_3.bmp,53
059_4.bmp,12
059_1.bmp,73
059_2.bmp,52
073_3.bmp,15
058_1.bmp,4
058_3.bmp,75
057_4.bmp,42
057_2.bmp,31
057_1.bmp,78
058_2.bmp,42
057_3.bmp,54
056_2.bmp,50
056_1.bmp,46
055_5.bmp,19
055_4.bmp,20
055_3.bmp,72
055_1.bmp,34
055_2.bmp,61
054_4.bmp,29
054_5.bmp,68
054_3.bmp,51
054_1.bmp,4
054_2.bmp,76
053_3.bmp,10
053_2.bmp,7
053_1.bmp,49
052_3.bmp,8
052_1.bmp,37
051_4.bmp,73
052_2.bmp,19
056_3.bmp,34
051_3.bmp,4
051_1.bmp,43
050_2.bmp,43
050_3.bmp,36
049_3.bmp,8
050_1.bmp,68
049_1.bmp,39
048_4.bmp,69
049_2.bmp,61
048_3.bmp,50
048_1.bmp,46
047_4.bmp,13
048_2.bmp,27
047_3.bmp,16
047_1.bmp,77
047_2.bmp,55
051_2.bmp,12
046_3.bmp,45
046_1.bmp,64
045_3.bmp,12
045_1.bmp,15
044_4.bmp,79
045_2.bmp,77
044_3.bmp,73
044_1.bmp,63
044_2.bmp,36
043_3.bmp,62
043_2.bmp,79
043_1.bmp,44
042_3.bmp,14
042_2.bmp,10
042_4.bmp,36
041_3.bmp,79
042_1.bmp,65
046_2.bmp,77
041_2.bmp,31
040_3.bmp,66
040_2.bmp,19
041_1.bmp,12
040_1.bmp,17
039_3.bmp,18
039_1.bmp,31
039_2.bmp,25
038_3.bmp,5
038_2.bmp,71
038_1.bmp,22
037_3.bmp,42
037_4.bmp,59
037_1.bmp,44
037_2.bmp,51
036_3.bmp,62
036_2.bmp,55
036_4.bmp,45
036_1.bmp,58
035_3.bmp,48
035_2.bmp,77
035_1.bmp,16
034_4.bmp,36
034_5.bmp,26
034_2.bmp,13
034_1.bmp,52
034_3.bmp,76
098_4.bmp,7
098_3.bmp,42
098_1.bmp,30
097_3.bmp,61
098_2.bmp,40
097_2.bmp,56
097_1.bmp,35
096_6.bmp,47
096_5.bmp,30
096_4.bmp,22
096_3.bmp,58
096_2.bmp,71
096_1.bmp,25
095_4.bmp,60
095_3.bmp,46
095_2.bmp,21
095_1.bmp,13
094_4.bmp,75
094_3.bmp,76
094_2.bmp,33
094_1.bmp,52
093_5.bmp,52
093_4.bmp,59
093_3.bmp,20
093_2.bmp,27
093_1.bmp,7
092_4.bmp,18
092_3.bmp,24
092_2.bmp,59
092_1.bmp,44
091_5.bmp,17
091_4.bmp,8
091_3.bmp,63
091_2.bmp,11
091_1.bmp,31
090_6.bmp,26
090_5.bmp,17
090_4.bmp,55
090_3.bmp,14
090_2.bmp,34
090_1.bmp,3
089_3.bmp,69
089_2.bmp,33
089_1.bmp,64
088_4.bmp,19
088_3.bmp,12
088_2.bmp,45
088_1.bmp,49
087_4.bmp,28
087_3.bmp,19
087_2.bmp,28
087_1.bmp,40
086_4.bmp,72
086_3.bmp,42
086_2.bmp,4
086_1.bmp,51
085_5.bmp,26
085_4.bmp,18
085_3.bmp,18
085_2.bmp,73
084_3.bmp,70
085_1.bmp,27
084_2.bmp,23
084_1.bmp,69
083_3.bmp,52
083_2.bmp,53
083_1.bmp,80
082_3.bmp,28
082_2.bmp,61
082_1.bmp,9
081_6.bmp,69
081_5.bmp,21
081_4.bmp,30
081_3.bmp,34
081_2.bmp,40
081_1.bmp,60
080_3.bmp,34
080_2.bmp,47
080_1.bmp,66
079_2.bmp,75
079_1.bmp,19
078_3.bmp,19
079_3.bmp,53
078_1.bmp,27
077_3.bmp,61
078_2.bmp,31
077_1.bmp,53
077_2.bmp,60
111_4.bmp,70
076_6.bmp,16
076_4.bmp,19
076_3.bmp,8
076_2.bmp,44
076_1.bmp,3
075_4.bmp,34
075_3.bmp,29
075_2.bmp,34
074_5.bmp,44
075_1.bmp,55
074_3.bmp,50
074_2.bmp,46
074_4.bmp,17
073_4.bmp,25
076_5.bmp,3
074_1.bmp,65
073_2.bmp,48
073_1.bmp,30
072_3.bmp,18
072_2.bmp,72
072_1.bmp,39
071_4.bmp,9
071_3.bmp,41
071_2.bmp,46
071_1.bmp,27
070_3.bmp,8
070_2.bmp,27
070_1.bmp,66
069_6.bmp,62
069_5.bmp,69
069_4.bmp,16
069_3.bmp,37
069_2.bmp,69
069_1.bmp,46
068_6.bmp,22
068_5.bmp,6
068_4.bmp,62
068_3.bmp,56
068_2.bmp,62
125_3.bmp,49
125_2.bmp,39
125_1.bmp,43
124_4.bmp,59
124_3.bmp,45
124_2.bmp,66
124_1.bmp,59
123_4.bmp,43
123_3.bmp,41
123_2.bmp,32
123_1.bmp,55
122_3.bmp,69
122_2.bmp,14
122_1.bmp,19
121_4.bmp,50
121_3.bmp,40
121_2.bmp,25
121_1.bmp,27
120_5.bmp,51
120_4.bmp,40
120_3.bmp,53
120_2.bmp,62
120_1.bmp,49
119_4.bmp,22
119_3.bmp,42
119_2.bmp,48
119_1.bmp,53
118_5.bmp,42
118_4.bmp,30
118_3.bmp,31
118_2.bmp,52
118_1.bmp,4
117_3.bmp,17
117_2.bmp,3
117_1.bmp,56
116_4.bmp,80
116_3.bmp,75
116_2.bmp,7
116_1.bmp,79
115_3.bmp,11
115_2.bmp,61
115_1.bmp,11
114_3.bmp,39
114_2.bmp,29
114_1.bmp,57
113_3.bmp,54
113_2.bmp,5
113_1.bmp,27
112_4.bmp,42
112_3.bmp,70
112_2.bmp,63
111_3.bmp,35
111_2.bmp,52
111_1.bmp,70
112_1.bmp,40
110_3.bmp,22
110_2.bmp,50
110_1.bmp,5
109_3.bmp,22
109_2.bmp,49
109_1.bmp,30
108_4.bmp,45
108_3.bmp,62
108_2.bmp,7
108_1.bmp,66
107_4.bmp,18
107_3.bmp,63
107_2.bmp,68
107_1.bmp,29
106_5.bmp,69
106_4.bmp,19
106_3.bmp,54
106_2.bmp,69
106_1.bmp,16
105_6.bmp,64
105_5.bmp,38
105_4.bmp,78
105_3.bmp,72
105_2.bmp,61
105_1.bmp,10
104_3.bmp,4
104_2.bmp,53
104_1.bmp,42
103_6.bmp,67
103_5.bmp,42
103_4.bmp,66
103_3.bmp,45
103_2.bmp,64
103_1.bmp,55
102_4.bmp,55
102_3.bmp,33
102_2.bmp,29
102_1.bmp,76
101_6.bmp,32
101_5.bmp,44
101_4.bmp,22
101_3.bmp,63
101_2.bmp,63
101_1.bmp,29
100_4.bmp,5
100_3.bmp,58
100_2.bmp,9
100_1.bmp,71
099_4.bmp,6
099_3.bmp,71
099_2.bmp,4
099_1.bmp,11
098_6.bmp,5
098_5.bmp,26
